datetime,Year,Month,District,Total_Bookings,Cancelled_Treks,Completed_Treks,Cancellation_Rate,Primary_Cause,temp_2m,humidity_2m,windspeed_10m,pressure,maxtemp_2m,mintemp_2m
1/9/2015,2015,1,Dolpa,108,30,78,0.28,Snowfall,9.035806452,3.690645161,1.919354839,81.08709677,15.66677419,4.92516129
1/13/2015,2015,1,Okhaldhunga,173,34,139,0.2,Extreme Cold,11.70419355,5.224,1.858709677,87.91935484,17.50012903,7.98483871
1/15/2015,2015,1,Bajura,134,21,113,0.16,Clear Weather,9.035806452,3.690645161,1.919354839,81.08709677,15.66677419,4.92516129
1/18/2015,2015,1,Humla,117,31,86,0.27,Landslide,9.035806452,3.690645161,1.919354839,81.08709677,15.66677419,4.92516129
1/24/2015,2015,1,Taplejung,99,23,76,0.24,Clear Weather,11.52135484,5.408322581,1.894258065,88.10077419,17.30593548,7.872193548
1/27/2015,2015,1,Dolpa,125,44,81,0.35,Heavy Rain,11.70419355,5.224,1.858709677,87.91935484,17.50012903,7.98483871
2/2/2015,2015,2,Lamjung,190,38,152,0.2,Landslide,2.578723404,3.892198582,2.815957447,73.05453901,9.245460993,-2.298652482
2/3/2015,2015,2,Humla,103,38,65,0.37,Clear Weather,13.44397163,5.163049645,2.345602837,88.00531915,19.95744681,8.77070922
2/13/2015,2015,2,Humla,105,34,71,0.33,Clear Weather,2.578723404,3.892198582,2.815957447,73.05453901,9.245460993,-2.298652482
2/14/2015,2015,2,Gorkha,93,20,73,0.22,Extreme Cold,-12.98602837,1.432695035,3.81929078,55.13205674,-5.160425532,-19.51184397
2/15/2015,2015,2,Taplejung,175,30,145,0.17,Clear Weather,9.891071429,3.993214286,2.192857143,81.14607143,16.51107143,5.110714286
2/21/2015,2015,2,Mustang,189,20,169,0.11,Clear Weather,9.891071429,3.993214286,2.192857143,81.14607143,16.51107143,5.110714286
2/22/2015,2015,2,Kaski,174,7,167,0.04,Clear Weather,13.44326241,5.058510638,2.273900709,87.8412766,19.79361702,8.731702128
2/26/2015,2015,2,Dolakha,192,33,159,0.17,Heavy Rain,13.44326241,5.058510638,2.273900709,87.8412766,19.79361702,8.731702128
3/5/2015,2015,3,Manang,174,36,138,0.21,Heavy Rain,14.0416129,4.329354839,2.566774194,81.07580645,20.92290323,8.612258065
3/11/2015,2015,3,Kaski,179,4,175,0.03,Heavy Rain,-9.102258065,2.288387097,3.133935484,55.42658065,-1.829612903,-15.84464516
3/12/2015,2015,3,Solukhumbu,86,40,46,0.47,Clear Weather,18.49296774,6.024387097,2.564387097,87.72251613,25.24019355,12.96658065
3/15/2015,2015,3,Dolakha,113,15,98,0.14,Heavy Rain,14.0416129,4.329354839,2.566774194,81.07580645,20.92290323,8.612258065
4/4/2015,2015,4,Dolakha,122,17,105,0.14,Heavy Rain,22.839,6.541933333,2.877466667,87.69133333,29.9848,16.59366667
4/7/2015,2015,4,Jumla,37,7,30,0.21,Clear Weather,22.44046667,6.724466667,2.759,87.52733333,29.32553333,16.09046667
4/10/2015,2015,4,Mugu,110,15,95,0.14,Heavy Rain,22.44046667,6.724466667,2.759,87.52733333,29.32553333,16.09046667
4/20/2015,2015,4,Dhading,133,25,108,0.19,Snowfall,22.839,6.541933333,2.877466667,87.69133333,29.9848,16.59366667
5/1/2015,2015,5,Bajura,128,22,106,0.17,Snowfall,23.06464516,11.51632258,2.429677419,87.36083871,28.08012903,18.38387097
5/15/2015,2015,5,Bajura,78,14,64,0.19,Heavy Rain,12.14283871,9.113096774,2.732387097,73.04709677,17.17432258,7.828193548
5/20/2015,2015,5,Lamjung,152,34,118,0.23,Snowfall,12.14283871,9.113096774,2.732387097,73.04709677,17.17432258,7.828193548
5/25/2015,2015,5,Dolakha,188,30,158,0.16,Clear Weather,23.06464516,11.51632258,2.429677419,87.36083871,28.08012903,18.38387097
5/30/2015,2015,5,Okhaldhunga,158,34,124,0.22,Clear Weather,17.91935484,10.23193548,2.283870968,80.86935484,23.02032258,13.49322581
6/6/2015,2015,6,Mustang,118,19,99,0.16,Landslide,24.71806667,15.03753333,2.252933333,87.1412,28.96073333,20.8528
6/7/2015,2015,6,Rasuwa,166,25,141,0.15,Clear Weather,24.71806667,15.03753333,2.252933333,87.1412,28.96073333,20.8528
6/16/2015,2015,6,Lamjung,168,40,128,0.24,Snowfall,23.9024,15.42813333,2.1728,86.6546,27.70926667,20.23433333
6/20/2015,2015,6,Dolpa,103,28,75,0.28,Extreme Cold,24.71806667,15.03753333,2.252933333,87.1412,28.96073333,20.8528
6/24/2015,2015,6,Sankhuwasabha,128,14,114,0.11,Landslide,14.79706667,12.09286667,2.451733333,73.0116,18.98526667,11.09486667
6/29/2015,2015,6,Dolpa,131,47,84,0.37,Heavy Rain,23.9024,15.42813333,2.1728,86.6546,27.70926667,20.23433333
7/3/2015,2015,7,Parbat,87,9,78,0.11,Clear Weather,19.13403226,16.15225806,2.035322581,80.13016129,21.64177419,16.90725806
7/4/2015,2015,7,Gorkha,148,33,115,0.23,Clear Weather,19.13403226,16.15225806,2.035322581,80.13016129,21.64177419,16.90725806
7/8/2015,2015,7,Myagdi,183,30,153,0.17,Extreme Cold,23.14974194,18.26335484,2.284645161,87.23509677,25.90032258,20.80812903
7/16/2015,2015,7,Parbat,86,20,66,0.24,Heavy Rain,15.27096774,13.81812903,2.340064516,73.026,18.3963871,12.52477419
7/25/2015,2015,7,Sankhuwasabha,135,28,107,0.21,Clear Weather,5.96316129,8.696774194,2.383677419,55.99941935,10.95625806,1.77283871
7/31/2015,2015,7,Kaski,114,6,108,0.06,Heavy Rain,15.27096774,13.81812903,2.340064516,73.026,18.3963871,12.52477419
8/3/2015,2015,8,Okhaldhunga,73,17,56,0.24,Heavy Rain,5.426451613,8.397354839,2.427677419,55.83909677,10.72754839,1.179290323
8/9/2015,2015,8,Bajura,157,25,132,0.16,Clear Weather,5.426451613,8.397354839,2.427677419,55.83909677,10.72754839,1.179290323
8/16/2015,2015,8,Dolpa,22,8,14,0.39,Extreme Cold,22.78245161,18.13664516,2.265741935,87.20445161,25.48851613,20.49567742
8/18/2015,2015,8,Dolakha,95,11,84,0.12,Extreme Cold,19.45516129,16.11467742,2.256774194,80.66935484,22.51241935,16.93806452
8/27/2015,2015,8,Taplejung,188,32,156,0.17,Snowfall,5.426451613,8.397354839,2.427677419,55.83909677,10.72754839,1.179290323
8/29/2015,2015,8,Bajura,69,9,60,0.14,Heavy Rain,5.426451613,8.397354839,2.427677419,55.83909677,10.72754839,1.179290323
9/9/2015,2015,9,Mustang,131,23,108,0.18,Heavy Rain,18.47466667,14.91683333,1.922833333,80.90933333,21.6255,15.96633333
9/14/2015,2015,9,Myagdi,145,18,127,0.12,Clear Weather,22.08893333,17.09473333,1.976666667,87.42646667,24.92833333,19.80706667
9/21/2015,2015,9,Jumla,73,16,57,0.23,Landslide,14.04326667,12.67886667,2.0882,73.1858,17.38733333,11.3388
9/24/2015,2015,9,Gorkha,50,11,39,0.23,Landslide,22.13546667,17.0318,2.0682,87.59753333,25.01066667,19.87946667
9/28/2015,2015,9,Parbat,181,44,137,0.24,Landslide,14.04326667,12.67886667,2.0882,73.1858,17.38733333,11.3388
10/7/2015,2015,10,Taplejung,29,3,26,0.12,Heavy Rain,10.89722581,9.522774194,1.991741935,73.31567742,15.26754839,7.748
10/19/2015,2015,10,Gorkha,87,16,71,0.19,Clear Weather,16.57919355,11.82306452,1.74516129,81.06387097,20.70209677,13.46887097
10/26/2015,2015,10,Kaski,120,5,115,0.05,Heavy Rain,10.89722581,9.522774194,1.991741935,73.31567742,15.26754839,7.748
11/2/2015,2015,11,Manang,70,10,60,0.15,Snowfall,6.6056,6.358733333,2.126933333,73.3464,11.92906667,2.959066667
11/5/2015,2015,11,Mugu,123,18,105,0.15,Heavy Rain,11.81883333,7.446,1.6865,81.26116667,16.82583333,8.5655
11/6/2015,2015,11,Gorkha,170,27,143,0.16,Heavy Rain,-7.155666667,1.9744,2.801,55.6164,-0.119066667,-12.31
11/11/2015,2015,11,Parbat,100,20,80,0.21,Heavy Rain,11.81883333,7.446,1.6865,81.26116667,16.82583333,8.5655
11/12/2015,2015,11,Dolakha,92,17,75,0.19,Extreme Cold,15.85493333,9.5272,1.6616,87.9866,20.09393333,12.98033333
11/15/2015,2015,11,Kaski,22,1,21,0.05,Extreme Cold,6.6056,6.358733333,2.126933333,73.3464,11.92906667,2.959066667
11/18/2015,2015,11,Mugu,131,14,117,0.11,Heavy Rain,-7.155666667,1.9744,2.801,55.6164,-0.119066667,-12.31
11/19/2015,2015,11,Gorkha,100,11,89,0.11,Extreme Cold,15.9394,9.501733333,1.698133333,88.1656,20.357,12.95526667
11/22/2015,2015,11,Myagdi,51,5,46,0.1,Heavy Rain,15.9394,9.501733333,1.698133333,88.1656,20.357,12.95526667
12/18/2015,2015,12,Dhading,102,25,77,0.25,Landslide,12.74180645,6.571741935,1.666774194,87.97032258,17.76703226,9.527935484
12/21/2015,2015,12,Bajura,97,9,88,0.1,Clear Weather,12.626,6.622967742,1.74716129,88.15516129,17.85490323,9.278645161
1/2/2016,2016,1,Taplejung,151,17,134,0.12,Landslide,-13.38832258,1.215290323,3.716129032,55.17290323,-5.51716129,-19.19754839
1/29/2016,2016,1,Myagdi,153,22,131,0.15,Clear Weather,9.035806452,3.690645161,1.919354839,81.08709677,15.66677419,4.92516129
2/7/2016,2016,2,Taplejung,46,10,36,0.22,Landslide,-12.98602837,1.432695035,3.81929078,55.13205674,-5.160425532,-19.51184397
2/13/2016,2016,2,Dhading,166,40,126,0.24,Landslide,9.891071429,3.993214286,2.192857143,81.14607143,16.51107143,5.110714286
2/15/2016,2016,2,Sindhupalchok,108,23,85,0.22,Extreme Cold,13.44326241,5.058510638,2.273900709,87.8412766,19.79361702,8.731702128
2/19/2016,2016,2,Parbat,170,34,136,0.2,Heavy Rain,9.891071429,3.993214286,2.192857143,81.14607143,16.51107143,5.110714286
3/8/2016,2016,3,Bajura,91,16,75,0.18,Snowfall,14.0416129,4.329354839,2.566774194,81.07580645,20.92290323,8.612258065
3/14/2016,2016,3,Sindhupalchok,35,3,32,0.11,Heavy Rain,18.49296774,6.024387097,2.564387097,87.72251613,25.24019355,12.96658065
4/2/2016,2016,4,Sankhuwasabha,132,32,100,0.24,Landslide,-4.967266667,3.057866667,3.129133333,55.59506667,1.262133333,-10.5736
4/6/2016,2016,4,Bajura,152,32,120,0.21,Heavy Rain,22.44046667,6.724466667,2.759,87.52733333,29.32553333,16.09046667
4/8/2016,2016,4,Sindhupalchok,153,29,124,0.2,Extreme Cold,10.14413333,5.798066667,2.968266667,73.16833333,16.28613333,4.981866667
4/10/2016,2016,4,Solukhumbu,97,54,43,0.56,Heavy Rain,16.83233333,4.615666667,2.632,81.07433333,23.77666667,10.24166667
4/16/2016,2016,4,Dolpa,81,29,52,0.36,Landslide,-4.967266667,3.057866667,3.129133333,55.59506667,1.262133333,-10.5736
5/1/2016,2016,5,Sankhuwasabha,66,12,54,0.2,Clear Weather,12.14283871,9.113096774,2.732387097,73.04709677,17.17432258,7.828193548
5/5/2016,2016,5,Solukhumbu,103,61,42,0.6,Clear Weather,17.91935484,10.23193548,2.283870968,80.86935484,23.02032258,13.49322581
5/10/2016,2016,5,Dolakha,167,39,128,0.24,Snowfall,23.47483871,11.22896774,2.434193548,87.52980645,28.73458065,18.68490323
5/16/2016,2016,5,Taplejung,124,24,100,0.2,Clear Weather,23.47483871,11.22896774,2.434193548,87.52980645,28.73458065,18.68490323
5/26/2016,2016,5,Humla,36,12,24,0.35,Clear Weather,23.47483871,11.22896774,2.434193548,87.52980645,28.73458065,18.68490323
6/11/2016,2016,6,Lamjung,175,18,157,0.11,Clear Weather,14.79706667,12.09286667,2.451733333,73.0116,18.98526667,11.09486667
6/18/2016,2016,6,Jumla,101,20,81,0.2,Heavy Rain,23.9024,15.42813333,2.1728,86.6546,27.70926667,20.23433333
6/22/2016,2016,6,Taplejung,196,20,176,0.11,Extreme Cold,14.79706667,12.09286667,2.451733333,73.0116,18.98526667,11.09486667
6/28/2016,2016,6,Mustang,90,16,74,0.19,Snowfall,24.71806667,15.03753333,2.252933333,87.1412,28.96073333,20.8528
7/5/2016,2016,7,Mustang,108,26,82,0.25,Extreme Cold,23.14974194,18.26335484,2.284645161,87.23509677,25.90032258,20.80812903
7/9/2016,2016,7,Solukhumbu,43,22,21,0.53,Landslide,23.14974194,18.26335484,2.284645161,87.23509677,25.90032258,20.80812903
7/18/2016,2016,7,Rasuwa,58,9,49,0.17,Extreme Cold,5.96316129,8.696774194,2.383677419,55.99941935,10.95625806,1.77283871
7/22/2016,2016,7,Mugu,60,8,52,0.15,Extreme Cold,22.90941935,18.34212903,2.276258065,86.88283871,25.50554839,20.63058065
7/30/2016,2016,7,Dolpa,166,44,122,0.27,Snowfall,5.96316129,8.696774194,2.383677419,55.99941935,10.95625806,1.77283871
8/17/2016,2016,8,Sankhuwasabha,169,35,134,0.21,Snowfall,19.45516129,16.11467742,2.256774194,80.66935484,22.51241935,16.93806452
8/21/2016,2016,8,Dolpa,92,25,67,0.28,Landslide,15.14735484,13.80219355,2.43916129,73.02903226,18.28483871,12.38864516
8/22/2016,2016,8,Sankhuwasabha,119,13,106,0.12,Snowfall,22.78245161,18.13664516,2.265741935,87.20445161,25.48851613,20.49567742
8/28/2016,2016,8,Taplejung,176,28,148,0.16,Landslide,15.14735484,13.80219355,2.43916129,73.02903226,18.28483871,12.38864516
10/19/2016,2016,10,Dolakha,173,37,136,0.22,Landslide,-2.179096774,3.895354839,2.482258065,55.80922581,3.90083871,-6.949870968
11/7/2016,2016,11,Kaski,169,10,159,0.06,Landslide,-7.155666667,1.9744,2.801,55.6164,-0.119066667,-12.31
11/13/2016,2016,11,Solukhumbu,41,18,23,0.46,Heavy Rain,15.9394,9.501733333,1.698133333,88.1656,20.357,12.95526667
11/24/2016,2016,11,Dhading,47,7,40,0.17,Clear Weather,6.6056,6.358733333,2.126933333,73.3464,11.92906667,2.959066667
12/6/2016,2016,12,Rasuwa,87,15,72,0.18,Heavy Rain,3.306709677,4.553225806,2.338645161,73.21225806,9.402903226,-0.678709677
12/19/2016,2016,12,Mustang,183,35,148,0.2,Snowfall,3.306709677,4.553225806,2.338645161,73.21225806,9.402903226,-0.678709677
12/21/2016,2016,12,Dolakha,183,36,147,0.2,Snowfall,-11.27812903,1.289741935,3.516193548,55.35729032,-3.704903226,-16.58954839
12/30/2016,2016,12,Taplejung,179,27,152,0.15,Snowfall,3.306709677,4.553225806,2.338645161,73.21225806,9.402903226,-0.678709677
1/3/2017,2017,1,Mustang,133,24,109,0.18,Landslide,11.52135484,5.408322581,1.894258065,88.10077419,17.30593548,7.872193548
1/16/2017,2017,1,Solukhumbu,104,54,50,0.52,Extreme Cold,11.70419355,5.224,1.858709677,87.91935484,17.50012903,7.98483871
1/25/2017,2017,1,Mustang,112,26,86,0.23,Snowfall,9.035806452,3.690645161,1.919354839,81.08709677,15.66677419,4.92516129
2/15/2017,2017,2,Rasuwa,166,29,137,0.18,Heavy Rain,9.891071429,3.993214286,2.192857143,81.14607143,16.51107143,5.110714286
2/24/2017,2017,2,Bajura,60,9,51,0.17,Extreme Cold,13.44397163,5.163049645,2.345602837,88.00531915,19.95744681,8.77070922
2/26/2017,2017,2,Myagdi,187,30,157,0.16,Clear Weather,2.578723404,3.892198582,2.815957447,73.05453901,9.245460993,-2.298652482
3/9/2017,2017,3,Mustang,170,31,139,0.19,Heavy Rain,6.515096774,4.959354839,2.825612903,73.1623871,12.91058065,1.211354839
3/14/2017,2017,3,Solukhumbu,129,73,56,0.57,Snowfall,14.0416129,4.329354839,2.566774194,81.07580645,20.92290323,8.612258065
3/18/2017,2017,3,Rasuwa,59,10,49,0.18,Snowfall,-9.102258065,2.288387097,3.133935484,55.42658065,-1.829612903,-15.84464516
3/20/2017,2017,3,Myagdi,81,16,65,0.2,Snowfall,14.0416129,4.329354839,2.566774194,81.07580645,20.92290323,8.612258065
3/22/2017,2017,3,Dolpa,113,40,73,0.36,Snowfall,18.69690323,6.073741935,2.676258065,87.8883871,25.69148387,13.19
3/23/2017,2017,3,Sankhuwasabha,57,10,47,0.18,Landslide,18.49296774,6.024387097,2.564387097,87.72251613,25.24019355,12.96658065
3/27/2017,2017,3,Bajura,82,13,69,0.16,Snowfall,14.0416129,4.329354839,2.566774194,81.07580645,20.92290323,8.612258065
3/28/2017,2017,3,Bajura,121,28,93,0.23,Landslide,14.0416129,4.329354839,2.566774194,81.07580645,20.92290323,8.612258065
3/29/2017,2017,3,Mugu,92,14,78,0.16,Heavy Rain,14.0416129,4.329354839,2.566774194,81.07580645,20.92290323,8.612258065
4/9/2017,2017,4,Sindhupalchok,58,9,49,0.17,Extreme Cold,22.44046667,6.724466667,2.759,87.52733333,29.32553333,16.09046667
4/18/2017,2017,4,Lamjung,116,28,88,0.25,Heavy Rain,-4.967266667,3.057866667,3.129133333,55.59506667,1.262133333,-10.5736
4/19/2017,2017,4,Dolpa,101,25,76,0.25,Clear Weather,22.839,6.541933333,2.877466667,87.69133333,29.9848,16.59366667
5/15/2017,2017,5,Jumla,77,9,68,0.13,Extreme Cold,23.47483871,11.22896774,2.434193548,87.52980645,28.73458065,18.68490323
5/21/2017,2017,5,Okhaldhunga,133,20,113,0.16,Snowfall,23.06464516,11.51632258,2.429677419,87.36083871,28.08012903,18.38387097
5/29/2017,2017,5,Gorkha,117,28,89,0.24,Snowfall,17.91935484,10.23193548,2.283870968,80.86935484,23.02032258,13.49322581
6/16/2017,2017,6,Rasuwa,23,2,21,0.11,Landslide,3.79,6.8978,2.669866667,56.05,9.546866667,-1.328866667
6/22/2017,2017,6,Dolpa,73,18,55,0.25,Extreme Cold,23.9024,15.42813333,2.1728,86.6546,27.70926667,20.23433333
6/26/2017,2017,6,Sindhupalchok,148,15,133,0.11,Snowfall,19.31225806,15.21032258,2.160645161,80.55258065,22.44483871,16.53903226
7/21/2017,2017,7,Bajura,140,15,125,0.11,Clear Weather,5.96316129,8.696774194,2.383677419,55.99941935,10.95625806,1.77283871
8/6/2017,2017,8,Humla,152,38,114,0.26,Clear Weather,22.78245161,18.13664516,2.265741935,87.20445161,25.48851613,20.49567742
8/22/2017,2017,8,Gorkha,128,22,106,0.17,Landslide,22.78245161,18.13664516,2.265741935,87.20445161,25.48851613,20.49567742
8/27/2017,2017,8,Sindhupalchok,54,10,44,0.19,Heavy Rain,5.426451613,8.397354839,2.427677419,55.83909677,10.72754839,1.179290323
9/5/2017,2017,9,Dolpa,159,46,113,0.29,Snowfall,18.47466667,14.91683333,1.922833333,80.90933333,21.6255,15.96633333
9/12/2017,2017,9,Lamjung,42,6,36,0.16,Snowfall,3.625733333,7.1526,2.437866667,55.91066667,9.098,-0.637133333
9/17/2017,2017,9,Kaski,71,1,70,0.03,Clear Weather,14.04326667,12.67886667,2.0882,73.1858,17.38733333,11.3388
9/26/2017,2017,9,Mugu,74,11,63,0.15,Extreme Cold,3.625733333,7.1526,2.437866667,55.91066667,9.098,-0.637133333
9/28/2017,2017,9,Sindhupalchok,129,23,106,0.18,Snowfall,14.04326667,12.67886667,2.0882,73.1858,17.38733333,11.3388
10/15/2017,2017,10,Manang,77,16,61,0.21,Heavy Rain,10.89722581,9.522774194,1.991741935,73.31567742,15.26754839,7.748
10/19/2017,2017,10,Dolakha,80,8,72,0.1,Clear Weather,16.57919355,11.82306452,1.74516129,81.06387097,20.70209677,13.46887097
10/20/2017,2017,10,Dolakha,54,9,45,0.17,Clear Weather,10.89722581,9.522774194,1.991741935,73.31567742,15.26754839,7.748
10/26/2017,2017,10,Okhaldhunga,189,27,162,0.14,Extreme Cold,10.89722581,9.522774194,1.991741935,73.31567742,15.26754839,7.748
10/29/2017,2017,10,Humla,177,66,111,0.38,Clear Weather,10.89722581,9.522774194,1.991741935,73.31567742,15.26754839,7.748
10/31/2017,2017,10,Dolpa,184,65,119,0.36,Extreme Cold,-2.179096774,3.895354839,2.482258065,55.80922581,3.90083871,-6.949870968
11/13/2017,2017,11,Solukhumbu,131,70,61,0.54,Heavy Rain,-7.155666667,1.9744,2.801,55.6164,-0.119066667,-12.31
11/21/2017,2017,11,Solukhumbu,123,60,63,0.49,Clear Weather,15.9394,9.501733333,1.698133333,88.1656,20.357,12.95526667
11/22/2017,2017,11,Okhaldhunga,153,36,117,0.24,Heavy Rain,6.6056,6.358733333,2.126933333,73.3464,11.92906667,2.959066667
11/23/2017,2017,11,Sindhupalchok,145,15,130,0.11,Landslide,15.9394,9.501733333,1.698133333,88.1656,20.357,12.95526667
11/27/2017,2017,11,Sankhuwasabha,141,16,125,0.12,Landslide,15.85493333,9.5272,1.6616,87.9866,20.09393333,12.98033333
12/7/2017,2017,12,Mustang,183,29,154,0.16,Snowfall,3.306709677,4.553225806,2.338645161,73.21225806,9.402903226,-0.678709677
12/30/2017,2017,12,Dolpa,47,12,35,0.27,Extreme Cold,8.812903226,5.297419355,1.697580645,81.22935484,14.27919355,5.358709677
1/10/2018,2018,1,Manang,171,41,130,0.24,Clear Weather,9.035806452,3.690645161,1.919354839,81.08709677,15.66677419,4.92516129
1/11/2018,2018,1,Taplejung,156,34,122,0.22,Heavy Rain,1.819096774,3.802903226,2.560774194,73.09051613,8.328258065,-2.671806452
1/15/2018,2018,1,Sankhuwasabha,38,5,33,0.14,Snowfall,11.52135484,5.408322581,1.894258065,88.10077419,17.30593548,7.872193548
1/22/2018,2018,1,Rasuwa,176,33,143,0.19,Landslide,11.52135484,5.408322581,1.894258065,88.10077419,17.30593548,7.872193548
1/28/2018,2018,1,Solukhumbu,160,95,65,0.6,Clear Weather,11.52135484,5.408322581,1.894258065,88.10077419,17.30593548,7.872193548
2/9/2018,2018,2,Lamjung,195,45,150,0.23,Clear Weather,2.578723404,3.892198582,2.815957447,73.05453901,9.245460993,-2.298652482
2/12/2018,2018,2,Mugu,83,15,68,0.19,Heavy Rain,13.44397163,5.163049645,2.345602837,88.00531915,19.95744681,8.77070922
3/10/2018,2018,3,Dolakha,90,21,69,0.24,Snowfall,-9.102258065,2.288387097,3.133935484,55.42658065,-1.829612903,-15.84464516
3/20/2018,2018,3,Bajura,68,16,52,0.25,Heavy Rain,18.69690323,6.073741935,2.676258065,87.8883871,25.69148387,13.19
3/21/2018,2018,3,Sankhuwasabha,122,25,97,0.21,Heavy Rain,6.515096774,4.959354839,2.825612903,73.1623871,12.91058065,1.211354839
4/2/2018,2018,4,Okhaldhunga,81,8,73,0.11,Heavy Rain,16.83233333,4.615666667,2.632,81.07433333,23.77666667,10.24166667
4/3/2018,2018,4,Jumla,150,24,126,0.16,Landslide,-4.967266667,3.057866667,3.129133333,55.59506667,1.262133333,-10.5736
4/4/2018,2018,4,Jumla,179,40,139,0.23,Heavy Rain,22.44046667,6.724466667,2.759,87.52733333,29.32553333,16.09046667
4/7/2018,2018,4,Okhaldhunga,73,9,64,0.13,Heavy Rain,10.14413333,5.798066667,2.968266667,73.16833333,16.28613333,4.981866667
4/15/2018,2018,4,Dolakha,112,25,87,0.22,Landslide,10.14413333,5.798066667,2.968266667,73.16833333,16.28613333,4.981866667
4/19/2018,2018,4,Dolpa,127,34,93,0.27,Clear Weather,10.14413333,5.798066667,2.968266667,73.16833333,16.28613333,4.981866667
4/26/2018,2018,4,Kaski,102,2,100,0.02,Heavy Rain,22.839,6.541933333,2.877466667,87.69133333,29.9848,16.59366667
5/5/2018,2018,5,Mustang,192,30,162,0.16,Landslide,17.91935484,10.23193548,2.283870968,80.86935484,23.02032258,13.49322581
5/18/2018,2018,5,Jumla,193,20,173,0.11,Snowfall,12.14283871,9.113096774,2.732387097,73.04709677,17.17432258,7.828193548
5/22/2018,2018,5,Rasuwa,198,48,150,0.24,Extreme Cold,23.47483871,11.22896774,2.434193548,87.52980645,28.73458065,18.68490323
6/12/2018,2018,6,Jumla,123,27,96,0.22,Extreme Cold,23.9024,15.42813333,2.1728,86.6546,27.70926667,20.23433333
6/15/2018,2018,6,Jumla,76,16,60,0.22,Clear Weather,24.71806667,15.03753333,2.252933333,87.1412,28.96073333,20.8528
6/17/2018,2018,6,Jumla,64,12,52,0.19,Clear Weather,23.9024,15.42813333,2.1728,86.6546,27.70926667,20.23433333
6/24/2018,2018,6,Kaski,142,4,138,0.03,Landslide,19.31225806,15.21032258,2.160645161,80.55258065,22.44483871,16.53903226
7/2/2018,2018,7,Kaski,83,4,79,0.05,Extreme Cold,19.13403226,16.15225806,2.035322581,80.13016129,21.64177419,16.90725806
7/13/2018,2018,7,Rasuwa,79,14,65,0.19,Landslide,23.14974194,18.26335484,2.284645161,87.23509677,25.90032258,20.80812903
7/16/2018,2018,7,Solukhumbu,115,60,55,0.53,Snowfall,19.13403226,16.15225806,2.035322581,80.13016129,21.64177419,16.90725806
8/6/2018,2018,8,Solukhumbu,81,39,42,0.49,Extreme Cold,22.78245161,18.13664516,2.265741935,87.20445161,25.48851613,20.49567742
8/8/2018,2018,8,Lamjung,80,14,66,0.18,Extreme Cold,15.14735484,13.80219355,2.43916129,73.02903226,18.28483871,12.38864516
8/13/2018,2018,8,Kaski,155,7,148,0.05,Snowfall,22.84406452,18.01329032,2.339419355,87.3716129,25.63632258,20.53
8/15/2018,2018,8,Dolakha,120,29,91,0.25,Snowfall,5.426451613,8.397354839,2.427677419,55.83909677,10.72754839,1.179290323
8/27/2018,2018,8,Manang,118,27,91,0.23,Extreme Cold,19.45516129,16.11467742,2.256774194,80.66935484,22.51241935,16.93806452
9/2/2018,2018,9,Gorkha,48,8,40,0.17,Heavy Rain,22.08893333,17.09473333,1.976666667,87.42646667,24.92833333,19.80706667
9/7/2018,2018,9,Humla,146,50,96,0.34,Snowfall,3.625733333,7.1526,2.437866667,55.91066667,9.098,-0.637133333
9/22/2018,2018,9,Jumla,164,34,130,0.21,Clear Weather,18.47466667,14.91683333,1.922833333,80.90933333,21.6255,15.96633333
9/23/2018,2018,9,Manang,83,8,75,0.11,Snowfall,22.08893333,17.09473333,1.976666667,87.42646667,24.92833333,19.80706667
10/5/2018,2018,10,Rasuwa,81,18,63,0.23,Clear Weather,19.88006452,13.47154839,1.79083871,87.9103871,23.59741935,17.08916129
10/9/2018,2018,10,Okhaldhunga,32,7,25,0.23,Heavy Rain,16.57919355,11.82306452,1.74516129,81.06387097,20.70209677,13.46887097
10/10/2018,2018,10,Kaski,59,2,57,0.05,Snowfall,16.57919355,11.82306452,1.74516129,81.06387097,20.70209677,13.46887097
10/23/2018,2018,10,Manang,113,17,96,0.16,Snowfall,19.71890323,13.54922581,1.751419355,87.734,23.32225806,16.94567742
10/24/2018,2018,10,Humla,63,18,45,0.29,Snowfall,10.89722581,9.522774194,1.991741935,73.31567742,15.26754839,7.748
11/3/2018,2018,11,Dhading,21,3,18,0.17,Landslide,15.85493333,9.5272,1.6616,87.9866,20.09393333,12.98033333
11/8/2018,2018,11,Dhading,109,11,98,0.11,Heavy Rain,15.9394,9.501733333,1.698133333,88.1656,20.357,12.95526667
11/13/2018,2018,11,Solukhumbu,147,84,63,0.58,Landslide,6.6056,6.358733333,2.126933333,73.3464,11.92906667,2.959066667
11/20/2018,2018,11,Sankhuwasabha,185,19,166,0.11,Heavy Rain,-7.155666667,1.9744,2.801,55.6164,-0.119066667,-12.31
11/25/2018,2018,11,Manang,192,28,164,0.15,Clear Weather,15.85493333,9.5272,1.6616,87.9866,20.09393333,12.98033333
11/26/2018,2018,11,Dhading,141,33,108,0.24,Extreme Cold,11.81883333,7.446,1.6865,81.26116667,16.82583333,8.5655
12/2/2018,2018,12,Mustang,154,32,122,0.21,Clear Weather,12.626,6.622967742,1.74716129,88.15516129,17.85490323,9.278645161
12/17/2018,2018,12,Okhaldhunga,151,21,130,0.14,Snowfall,12.74180645,6.571741935,1.666774194,87.97032258,17.76703226,9.527935484
12/25/2018,2018,12,Gorkha,120,16,104,0.14,Heavy Rain,12.74180645,6.571741935,1.666774194,87.97032258,17.76703226,9.527935484
12/27/2018,2018,12,Lamjung,47,4,43,0.1,Clear Weather,3.306709677,4.553225806,2.338645161,73.21225806,9.402903226,-0.678709677
1/1/2019,2019,1,Mustang,82,16,66,0.2,Clear Weather,-13.38832258,1.215290323,3.716129032,55.17290323,-5.51716129,-19.19754839
1/16/2019,2019,1,Lamjung,115,12,103,0.11,Extreme Cold,-13.38832258,1.215290323,3.716129032,55.17290323,-5.51716129,-19.19754839
1/28/2019,2019,1,Okhaldhunga,139,25,114,0.18,Heavy Rain,11.52135484,5.408322581,1.894258065,88.10077419,17.30593548,7.872193548
1/30/2019,2019,1,Dolpa,75,29,46,0.39,Snowfall,-13.38832258,1.215290323,3.716129032,55.17290323,-5.51716129,-19.19754839
2/10/2019,2019,2,Okhaldhunga,21,2,19,0.12,Heavy Rain,9.891071429,3.993214286,2.192857143,81.14607143,16.51107143,5.110714286
2/15/2019,2019,2,Sankhuwasabha,144,33,111,0.23,Extreme Cold,9.891071429,3.993214286,2.192857143,81.14607143,16.51107143,5.110714286
2/19/2019,2019,2,Solukhumbu,159,95,64,0.6,Landslide,-12.98602837,1.432695035,3.81929078,55.13205674,-5.160425532,-19.51184397
2/21/2019,2019,2,Taplejung,80,8,72,0.11,Clear Weather,9.891071429,3.993214286,2.192857143,81.14607143,16.51107143,5.110714286
2/23/2019,2019,2,Dolpa,110,42,68,0.38,Clear Weather,-12.98602837,1.432695035,3.81929078,55.13205674,-5.160425532,-19.51184397
3/19/2019,2019,3,Parbat,132,23,109,0.18,Landslide,18.49296774,6.024387097,2.564387097,87.72251613,25.24019355,12.96658065
3/24/2019,2019,3,Taplejung,168,39,129,0.24,Extreme Cold,14.0416129,4.329354839,2.566774194,81.07580645,20.92290323,8.612258065
4/6/2019,2019,4,Solukhumbu,67,35,32,0.54,Heavy Rain,22.839,6.541933333,2.877466667,87.69133333,29.9848,16.59366667
4/8/2019,2019,4,Humla,119,41,78,0.35,Snowfall,16.83233333,4.615666667,2.632,81.07433333,23.77666667,10.24166667
4/14/2019,2019,4,Parbat,118,21,97,0.18,Clear Weather,-4.967266667,3.057866667,3.129133333,55.59506667,1.262133333,-10.5736
4/16/2019,2019,4,Mugu,144,33,111,0.23,Heavy Rain,16.83233333,4.615666667,2.632,81.07433333,23.77666667,10.24166667
4/22/2019,2019,4,Mustang,87,18,69,0.21,Landslide,16.83233333,4.615666667,2.632,81.07433333,23.77666667,10.24166667
4/30/2019,2019,4,Dolpa,93,30,63,0.33,Extreme Cold,10.14413333,5.798066667,2.968266667,73.16833333,16.28613333,4.981866667
5/2/2019,2019,5,Dhading,67,15,52,0.23,Snowfall,17.91935484,10.23193548,2.283870968,80.86935484,23.02032258,13.49322581
5/3/2019,2019,5,Dhading,47,6,41,0.14,Clear Weather,17.91935484,10.23193548,2.283870968,80.86935484,23.02032258,13.49322581
5/6/2019,2019,5,Okhaldhunga,70,8,62,0.12,Snowfall,23.06464516,11.51632258,2.429677419,87.36083871,28.08012903,18.38387097
5/12/2019,2019,5,Jumla,151,18,133,0.12,Heavy Rain,23.06464516,11.51632258,2.429677419,87.36083871,28.08012903,18.38387097
5/20/2019,2019,5,Kaski,33,1,32,0.04,Clear Weather,17.91935484,10.23193548,2.283870968,80.86935484,23.02032258,13.49322581
5/22/2019,2019,5,Solukhumbu,165,80,85,0.49,Landslide,23.47483871,11.22896774,2.434193548,87.52980645,28.73458065,18.68490323
6/2/2019,2019,6,Dhading,40,9,31,0.24,Heavy Rain,3.79,6.8978,2.669866667,56.05,9.546866667,-1.328866667
6/5/2019,2019,6,Dolakha,78,9,69,0.12,Snowfall,14.79706667,12.09286667,2.451733333,73.0116,18.98526667,11.09486667
6/16/2019,2019,6,Rasuwa,169,34,135,0.2,Extreme Cold,14.79706667,12.09286667,2.451733333,73.0116,18.98526667,11.09486667
7/11/2019,2019,7,Rasuwa,162,20,142,0.13,Heavy Rain,23.14974194,18.26335484,2.284645161,87.23509677,25.90032258,20.80812903
7/21/2019,2019,7,Sankhuwasabha,112,26,86,0.23,Extreme Cold,23.14974194,18.26335484,2.284645161,87.23509677,25.90032258,20.80812903
7/31/2019,2019,7,Sankhuwasabha,197,48,149,0.24,Landslide,19.13403226,16.15225806,2.035322581,80.13016129,21.64177419,16.90725806
8/17/2019,2019,8,Mustang,31,5,26,0.17,Landslide,22.78245161,18.13664516,2.265741935,87.20445161,25.48851613,20.49567742
8/30/2019,2019,8,Lamjung,175,40,135,0.23,Clear Weather,22.84406452,18.01329032,2.339419355,87.3716129,25.63632258,20.53
8/31/2019,2019,8,Dhading,85,8,77,0.1,Snowfall,15.14735484,13.80219355,2.43916129,73.02903226,18.28483871,12.38864516
9/14/2019,2019,9,Dhading,55,12,43,0.22,Landslide,22.13546667,17.0318,2.0682,87.59753333,25.01066667,19.87946667
9/22/2019,2019,9,Mustang,127,17,110,0.13,Extreme Cold,18.47466667,14.91683333,1.922833333,80.90933333,21.6255,15.96633333
9/23/2019,2019,9,Okhaldhunga,27,6,21,0.24,Heavy Rain,22.13546667,17.0318,2.0682,87.59753333,25.01066667,19.87946667
9/26/2019,2019,9,Solukhumbu,147,66,81,0.45,Clear Weather,18.47466667,14.91683333,1.922833333,80.90933333,21.6255,15.96633333
9/29/2019,2019,9,Okhaldhunga,195,35,160,0.18,Heavy Rain,3.625733333,7.1526,2.437866667,55.91066667,9.098,-0.637133333
10/3/2019,2019,10,Humla,182,66,116,0.36,Clear Weather,19.71890323,13.54922581,1.751419355,87.734,23.32225806,16.94567742
10/7/2019,2019,10,Jumla,138,19,119,0.14,Extreme Cold,-2.179096774,3.895354839,2.482258065,55.80922581,3.90083871,-6.949870968
10/11/2019,2019,10,Taplejung,143,18,125,0.13,Heavy Rain,19.71890323,13.54922581,1.751419355,87.734,23.32225806,16.94567742
10/14/2019,2019,10,Gorkha,36,4,32,0.11,Landslide,-2.179096774,3.895354839,2.482258065,55.80922581,3.90083871,-6.949870968
10/19/2019,2019,10,Manang,30,4,26,0.15,Extreme Cold,19.88006452,13.47154839,1.79083871,87.9103871,23.59741935,17.08916129
10/27/2019,2019,10,Taplejung,77,14,63,0.18,Extreme Cold,16.57919355,11.82306452,1.74516129,81.06387097,20.70209677,13.46887097
11/3/2019,2019,11,Okhaldhunga,69,8,61,0.12,Extreme Cold,15.9394,9.501733333,1.698133333,88.1656,20.357,12.95526667
11/13/2019,2019,11,Mustang,34,5,29,0.16,Landslide,15.85493333,9.5272,1.6616,87.9866,20.09393333,12.98033333
11/22/2019,2019,11,Dhading,56,5,51,0.1,Landslide,15.85493333,9.5272,1.6616,87.9866,20.09393333,12.98033333
12/13/2019,2019,12,Mustang,129,28,101,0.22,Extreme Cold,-11.27812903,1.289741935,3.516193548,55.35729032,-3.704903226,-16.58954839
12/14/2019,2019,12,Parbat,157,18,139,0.12,Heavy Rain,12.74180645,6.571741935,1.666774194,87.97032258,17.76703226,9.527935484
1/6/2020,2020,1,Myagdi,183,26,157,0.14,Clear Weather,11.70419355,5.224,1.858709677,87.91935484,17.50012903,7.98483871
1/12/2020,2020,1,Parbat,45,4,41,0.1,Snowfall,11.70419355,5.224,1.858709677,87.91935484,17.50012903,7.98483871
1/14/2020,2020,1,Kaski,185,8,177,0.05,Landslide,11.52135484,5.408322581,1.894258065,88.10077419,17.30593548,7.872193548
2/6/2020,2020,2,Mustang,65,14,51,0.23,Snowfall,-12.98602837,1.432695035,3.81929078,55.13205674,-5.160425532,-19.51184397
2/13/2020,2020,2,Dhading,187,29,158,0.16,Extreme Cold,9.891071429,3.993214286,2.192857143,81.14607143,16.51107143,5.110714286
2/21/2020,2020,2,Sankhuwasabha,131,16,115,0.13,Heavy Rain,2.578723404,3.892198582,2.815957447,73.05453901,9.245460993,-2.298652482
3/9/2020,2020,3,Gorkha,76,16,60,0.21,Clear Weather,6.515096774,4.959354839,2.825612903,73.1623871,12.91058065,1.211354839
3/12/2020,2020,3,Solukhumbu,108,61,47,0.57,Landslide,18.69690323,6.073741935,2.676258065,87.8883871,25.69148387,13.19
3/19/2020,2020,3,Gorkha,187,23,164,0.13,Clear Weather,18.69690323,6.073741935,2.676258065,87.8883871,25.69148387,13.19
4/20/2020,2020,4,Solukhumbu,100,56,44,0.57,Extreme Cold,10.14413333,5.798066667,2.968266667,73.16833333,16.28613333,4.981866667
4/22/2020,2020,4,Myagdi,101,24,77,0.24,Extreme Cold,10.14413333,5.798066667,2.968266667,73.16833333,16.28613333,4.981866667
4/25/2020,2020,4,Dhading,191,23,168,0.12,Extreme Cold,16.83233333,4.615666667,2.632,81.07433333,23.77666667,10.24166667
5/1/2020,2020,5,Okhaldhunga,90,19,71,0.22,Extreme Cold,23.47483871,11.22896774,2.434193548,87.52980645,28.73458065,18.68490323
5/2/2020,2020,5,Taplejung,108,22,86,0.21,Clear Weather,-0.522580645,4.862645161,2.928064516,55.61787097,5.129225806,-5.4
5/26/2020,2020,5,Dolpa,100,32,68,0.32,Landslide,-0.522580645,4.862645161,2.928064516,55.61787097,5.129225806,-5.4
5/27/2020,2020,5,Mustang,96,10,86,0.11,Extreme Cold,23.06464516,11.51632258,2.429677419,87.36083871,28.08012903,18.38387097
6/10/2020,2020,6,Jumla,58,6,52,0.11,Clear Weather,14.79706667,12.09286667,2.451733333,73.0116,18.98526667,11.09486667
6/14/2020,2020,6,Solukhumbu,179,103,76,0.58,Clear Weather,23.9024,15.42813333,2.1728,86.6546,27.70926667,20.23433333
6/22/2020,2020,6,Dhading,175,43,132,0.25,Snowfall,3.79,6.8978,2.669866667,56.05,9.546866667,-1.328866667
6/27/2020,2020,6,Dolakha,169,34,135,0.2,Landslide,14.79706667,12.09286667,2.451733333,73.0116,18.98526667,11.09486667
6/28/2020,2020,6,Lamjung,157,26,131,0.17,Extreme Cold,19.31225806,15.21032258,2.160645161,80.55258065,22.44483871,16.53903226
7/2/2020,2020,7,Myagdi,196,38,158,0.2,Clear Weather,5.96316129,8.696774194,2.383677419,55.99941935,10.95625806,1.77283871
7/4/2020,2020,7,Manang,71,13,58,0.19,Clear Weather,15.27096774,13.81812903,2.340064516,73.026,18.3963871,12.52477419
7/7/2020,2020,7,Manang,103,16,87,0.16,Clear Weather,22.90941935,18.34212903,2.276258065,86.88283871,25.50554839,20.63058065
7/30/2020,2020,7,Sindhupalchok,64,7,57,0.11,Snowfall,23.14974194,18.26335484,2.284645161,87.23509677,25.90032258,20.80812903
8/21/2020,2020,8,Lamjung,196,43,153,0.22,Clear Weather,22.78245161,18.13664516,2.265741935,87.20445161,25.48851613,20.49567742
8/25/2020,2020,8,Taplejung,100,15,85,0.16,Heavy Rain,15.14735484,13.80219355,2.43916129,73.02903226,18.28483871,12.38864516
8/29/2020,2020,8,Kaski,162,11,151,0.07,Snowfall,15.14735484,13.80219355,2.43916129,73.02903226,18.28483871,12.38864516
9/22/2020,2020,9,Solukhumbu,91,44,47,0.49,Landslide,3.625733333,7.1526,2.437866667,55.91066667,9.098,-0.637133333
10/3/2020,2020,10,Bajura,130,13,117,0.1,Clear Weather,-2.179096774,3.895354839,2.482258065,55.80922581,3.90083871,-6.949870968
10/12/2020,2020,10,Solukhumbu,175,82,93,0.47,Snowfall,19.88006452,13.47154839,1.79083871,87.9103871,23.59741935,17.08916129
10/20/2020,2020,10,Rasuwa,164,27,137,0.17,Snowfall,-2.179096774,3.895354839,2.482258065,55.80922581,3.90083871,-6.949870968
10/31/2020,2020,10,Dhading,113,27,86,0.24,Landslide,-2.179096774,3.895354839,2.482258065,55.80922581,3.90083871,-6.949870968
11/2/2020,2020,11,Lamjung,113,13,100,0.12,Landslide,6.6056,6.358733333,2.126933333,73.3464,11.92906667,2.959066667
11/25/2020,2020,11,Gorkha,135,30,105,0.23,Extreme Cold,6.6056,6.358733333,2.126933333,73.3464,11.92906667,2.959066667
12/3/2020,2020,12,Mustang,127,22,105,0.18,Extreme Cold,-11.27812903,1.289741935,3.516193548,55.35729032,-3.704903226,-16.58954839
12/7/2020,2020,12,Jumla,177,39,138,0.22,Extreme Cold,3.306709677,4.553225806,2.338645161,73.21225806,9.402903226,-0.678709677
12/8/2020,2020,12,Jumla,156,22,134,0.14,Extreme Cold,3.306709677,4.553225806,2.338645161,73.21225806,9.402903226,-0.678709677
12/12/2020,2020,12,Dolakha,94,21,73,0.23,Extreme Cold,3.306709677,4.553225806,2.338645161,73.21225806,9.402903226,-0.678709677
12/19/2020,2020,12,Myagdi,155,33,122,0.22,Extreme Cold,8.812903226,5.297419355,1.697580645,81.22935484,14.27919355,5.358709677
12/29/2020,2020,12,Manang,84,11,73,0.13,Landslide,12.626,6.622967742,1.74716129,88.15516129,17.85490323,9.278645161
1/19/2021,2021,1,Mustang,158,18,140,0.12,Heavy Rain,1.819096774,3.802903226,2.560774194,73.09051613,8.328258065,-2.671806452
1/21/2021,2021,1,Sankhuwasabha,179,41,138,0.23,Snowfall,-13.38832258,1.215290323,3.716129032,55.17290323,-5.51716129,-19.19754839
1/22/2021,2021,1,Rasuwa,121,29,92,0.24,Landslide,-13.38832258,1.215290323,3.716129032,55.17290323,-5.51716129,-19.19754839
1/25/2021,2021,1,Jumla,73,7,66,0.1,Heavy Rain,1.819096774,3.802903226,2.560774194,73.09051613,8.328258065,-2.671806452
1/31/2021,2021,1,Myagdi,134,28,106,0.21,Clear Weather,1.819096774,3.802903226,2.560774194,73.09051613,8.328258065,-2.671806452
2/8/2021,2021,2,Mustang,134,31,103,0.24,Extreme Cold,9.891071429,3.993214286,2.192857143,81.14607143,16.51107143,5.110714286
2/19/2021,2021,2,Solukhumbu,36,20,16,0.58,Extreme Cold,9.891071429,3.993214286,2.192857143,81.14607143,16.51107143,5.110714286
2/22/2021,2021,2,Okhaldhunga,57,13,44,0.24,Landslide,-12.98602837,1.432695035,3.81929078,55.13205674,-5.160425532,-19.51184397
2/28/2021,2021,2,Solukhumbu,87,49,38,0.56,Heavy Rain,13.44397163,5.163049645,2.345602837,88.00531915,19.95744681,8.77070922
3/2/2021,2021,3,Mustang,62,10,52,0.17,Clear Weather,18.69690323,6.073741935,2.676258065,87.8883871,25.69148387,13.19
4/12/2021,2021,4,Parbat,71,10,61,0.15,Heavy Rain,10.14413333,5.798066667,2.968266667,73.16833333,16.28613333,4.981866667
4/17/2021,2021,4,Mugu,102,15,87,0.15,Extreme Cold,16.83233333,4.615666667,2.632,81.07433333,23.77666667,10.24166667
4/28/2021,2021,4,Mustang,148,30,118,0.21,Heavy Rain,22.839,6.541933333,2.877466667,87.69133333,29.9848,16.59366667
5/3/2021,2021,5,Taplejung,133,28,105,0.21,Landslide,23.06464516,11.51632258,2.429677419,87.36083871,28.08012903,18.38387097
5/5/2021,2021,5,Myagdi,156,20,136,0.13,Clear Weather,23.06464516,11.51632258,2.429677419,87.36083871,28.08012903,18.38387097
5/9/2021,2021,5,Parbat,44,10,34,0.23,Snowfall,17.91935484,10.23193548,2.283870968,80.86935484,23.02032258,13.49322581
5/14/2021,2021,5,Bajura,171,35,136,0.21,Extreme Cold,23.47483871,11.22896774,2.434193548,87.52980645,28.73458065,18.68490323
5/31/2021,2021,5,Kaski,123,6,117,0.05,Landslide,17.91935484,10.23193548,2.283870968,80.86935484,23.02032258,13.49322581
6/4/2021,2021,6,Mugu,171,29,142,0.17,Snowfall,19.31225806,15.21032258,2.160645161,80.55258065,22.44483871,16.53903226
6/9/2021,2021,6,Kaski,46,2,44,0.05,Landslide,14.79706667,12.09286667,2.451733333,73.0116,18.98526667,11.09486667
6/15/2021,2021,6,Jumla,124,15,109,0.12,Snowfall,23.9024,15.42813333,2.1728,86.6546,27.70926667,20.23433333
6/24/2021,2021,6,Taplejung,194,25,169,0.13,Extreme Cold,24.71806667,15.03753333,2.252933333,87.1412,28.96073333,20.8528
6/27/2021,2021,6,Solukhumbu,159,73,86,0.46,Heavy Rain,14.79706667,12.09286667,2.451733333,73.0116,18.98526667,11.09486667
6/28/2021,2021,6,Sankhuwasabha,85,10,75,0.12,Snowfall,19.31225806,15.21032258,2.160645161,80.55258065,22.44483871,16.53903226
7/2/2021,2021,7,Humla,168,53,115,0.32,Extreme Cold,15.27096774,13.81812903,2.340064516,73.026,18.3963871,12.52477419
7/7/2021,2021,7,Dhading,135,24,111,0.18,Snowfall,5.96316129,8.696774194,2.383677419,55.99941935,10.95625806,1.77283871
7/10/2021,2021,7,Dolpa,129,32,97,0.25,Clear Weather,15.27096774,13.81812903,2.340064516,73.026,18.3963871,12.52477419
7/15/2021,2021,7,Mugu,140,30,110,0.22,Landslide,15.27096774,13.81812903,2.340064516,73.026,18.3963871,12.52477419
7/17/2021,2021,7,Mustang,131,18,113,0.14,Landslide,22.90941935,18.34212903,2.276258065,86.88283871,25.50554839,20.63058065
7/26/2021,2021,7,Parbat,37,8,29,0.24,Snowfall,19.13403226,16.15225806,2.035322581,80.13016129,21.64177419,16.90725806
8/1/2021,2021,8,Sindhupalchok,157,38,119,0.25,Landslide,15.14735484,13.80219355,2.43916129,73.02903226,18.28483871,12.38864516
8/2/2021,2021,8,Dolpa,80,22,58,0.28,Clear Weather,22.84406452,18.01329032,2.339419355,87.3716129,25.63632258,20.53
8/12/2021,2021,8,Gorkha,74,12,62,0.17,Clear Weather,19.45516129,16.11467742,2.256774194,80.66935484,22.51241935,16.93806452
9/3/2021,2021,9,Sindhupalchok,121,12,109,0.1,Heavy Rain,3.625733333,7.1526,2.437866667,55.91066667,9.098,-0.637133333
9/5/2021,2021,9,Okhaldhunga,78,14,64,0.19,Extreme Cold,14.04326667,12.67886667,2.0882,73.1858,17.38733333,11.3388
9/6/2021,2021,9,Solukhumbu,70,37,33,0.54,Extreme Cold,18.47466667,14.91683333,1.922833333,80.90933333,21.6255,15.96633333
10/4/2021,2021,10,Taplejung,127,17,110,0.14,Clear Weather,19.88006452,13.47154839,1.79083871,87.9103871,23.59741935,17.08916129
10/9/2021,2021,10,Myagdi,142,26,116,0.18,Clear Weather,-2.179096774,3.895354839,2.482258065,55.80922581,3.90083871,-6.949870968
10/14/2021,2021,10,Dhading,141,18,123,0.13,Snowfall,-2.179096774,3.895354839,2.482258065,55.80922581,3.90083871,-6.949870968
10/20/2021,2021,10,Myagdi,50,6,44,0.12,Extreme Cold,10.89722581,9.522774194,1.991741935,73.31567742,15.26754839,7.748
10/24/2021,2021,10,Dolakha,148,29,119,0.2,Heavy Rain,-2.179096774,3.895354839,2.482258065,55.80922581,3.90083871,-6.949870968
10/30/2021,2021,10,Lamjung,84,12,72,0.15,Clear Weather,19.88006452,13.47154839,1.79083871,87.9103871,23.59741935,17.08916129
11/5/2021,2021,11,Bajura,98,18,80,0.19,Clear Weather,11.81883333,7.446,1.6865,81.26116667,16.82583333,8.5655
12/2/2021,2021,12,Kaski,27,1,26,0.05,Snowfall,3.306709677,4.553225806,2.338645161,73.21225806,9.402903226,-0.678709677
1/11/2022,2022,1,Kaski,160,12,148,0.08,Clear Weather,1.819096774,3.802903226,2.560774194,73.09051613,8.328258065,-2.671806452
1/17/2022,2022,1,Lamjung,25,3,22,0.12,Clear Weather,-13.38832258,1.215290323,3.716129032,55.17290323,-5.51716129,-19.19754839
1/22/2022,2022,1,Jumla,46,7,39,0.17,Clear Weather,1.819096774,3.802903226,2.560774194,73.09051613,8.328258065,-2.671806452
1/24/2022,2022,1,Okhaldhunga,182,36,146,0.2,Snowfall,-13.38832258,1.215290323,3.716129032,55.17290323,-5.51716129,-19.19754839
1/28/2022,2022,1,Mugu,68,10,58,0.16,Snowfall,1.819096774,3.802903226,2.560774194,73.09051613,8.328258065,-2.671806452
2/2/2022,2022,2,Manang,45,11,34,0.25,Snowfall,-12.98602837,1.432695035,3.81929078,55.13205674,-5.160425532,-19.51184397
2/4/2022,2022,2,Bajura,39,8,31,0.21,Snowfall,9.891071429,3.993214286,2.192857143,81.14607143,16.51107143,5.110714286
2/5/2022,2022,2,Humla,165,57,108,0.35,Heavy Rain,2.578723404,3.892198582,2.815957447,73.05453901,9.245460993,-2.298652482
2/7/2022,2022,2,Rasuwa,33,7,26,0.21,Extreme Cold,-12.98602837,1.432695035,3.81929078,55.13205674,-5.160425532,-19.51184397
2/12/2022,2022,2,Solukhumbu,138,81,57,0.59,Landslide,9.891071429,3.993214286,2.192857143,81.14607143,16.51107143,5.110714286
3/8/2022,2022,3,Taplejung,182,42,140,0.24,Landslide,14.0416129,4.329354839,2.566774194,81.07580645,20.92290323,8.612258065
3/13/2022,2022,3,Dolakha,167,34,133,0.21,Extreme Cold,18.69690323,6.073741935,2.676258065,87.8883871,25.69148387,13.19
3/16/2022,2022,3,Dolakha,123,26,97,0.21,Clear Weather,-9.102258065,2.288387097,3.133935484,55.42658065,-1.829612903,-15.84464516
3/23/2022,2022,3,Rasuwa,164,19,145,0.12,Snowfall,14.0416129,4.329354839,2.566774194,81.07580645,20.92290323,8.612258065
3/28/2022,2022,3,Dolpa,84,22,62,0.27,Clear Weather,18.49296774,6.024387097,2.564387097,87.72251613,25.24019355,12.96658065
4/1/2022,2022,4,Gorkha,77,14,63,0.19,Extreme Cold,-4.967266667,3.057866667,3.129133333,55.59506667,1.262133333,-10.5736
4/2/2022,2022,4,Manang,59,6,53,0.1,Extreme Cold,22.44046667,6.724466667,2.759,87.52733333,29.32553333,16.09046667
4/9/2022,2022,4,Sindhupalchok,192,33,159,0.17,Clear Weather,22.44046667,6.724466667,2.759,87.52733333,29.32553333,16.09046667
5/2/2022,2022,5,Okhaldhunga,50,6,44,0.13,Heavy Rain,17.91935484,10.23193548,2.283870968,80.86935484,23.02032258,13.49322581
6/11/2022,2022,6,Bajura,64,9,55,0.15,Landslide,23.9024,15.42813333,2.1728,86.6546,27.70926667,20.23433333
6/13/2022,2022,6,Mustang,122,26,96,0.22,Heavy Rain,3.79,6.8978,2.669866667,56.05,9.546866667,-1.328866667
6/15/2022,2022,6,Taplejung,49,11,38,0.24,Snowfall,24.71806667,15.03753333,2.252933333,87.1412,28.96073333,20.8528
7/26/2022,2022,7,Okhaldhunga,136,15,121,0.11,Snowfall,22.90941935,18.34212903,2.276258065,86.88283871,25.50554839,20.63058065
7/28/2022,2022,7,Dhading,190,34,156,0.18,Snowfall,5.96316129,8.696774194,2.383677419,55.99941935,10.95625806,1.77283871
8/4/2022,2022,8,Sindhupalchok,127,29,98,0.23,Snowfall,5.426451613,8.397354839,2.427677419,55.83909677,10.72754839,1.179290323
8/12/2022,2022,8,Parbat,165,18,147,0.11,Heavy Rain,22.84406452,18.01329032,2.339419355,87.3716129,25.63632258,20.53
8/19/2022,2022,8,Mugu,25,5,20,0.22,Landslide,19.45516129,16.11467742,2.256774194,80.66935484,22.51241935,16.93806452
8/21/2022,2022,8,Lamjung,125,19,106,0.15,Heavy Rain,19.45516129,16.11467742,2.256774194,80.66935484,22.51241935,16.93806452
9/13/2022,2022,9,Jumla,115,17,98,0.15,Heavy Rain,22.08893333,17.09473333,1.976666667,87.42646667,24.92833333,19.80706667
9/27/2022,2022,9,Lamjung,60,14,46,0.25,Landslide,3.625733333,7.1526,2.437866667,55.91066667,9.098,-0.637133333
10/11/2022,2022,10,Rasuwa,41,5,36,0.13,Landslide,19.71890323,13.54922581,1.751419355,87.734,23.32225806,16.94567742
10/25/2022,2022,10,Sankhuwasabha,22,4,18,0.2,Extreme Cold,19.71890323,13.54922581,1.751419355,87.734,23.32225806,16.94567742
11/6/2022,2022,11,Dolakha,106,23,83,0.22,Snowfall,6.6056,6.358733333,2.126933333,73.3464,11.92906667,2.959066667
11/7/2022,2022,11,Solukhumbu,132,60,72,0.46,Landslide,15.9394,9.501733333,1.698133333,88.1656,20.357,12.95526667
11/27/2022,2022,11,Solukhumbu,144,79,65,0.55,Extreme Cold,-7.155666667,1.9744,2.801,55.6164,-0.119066667,-12.31
12/2/2022,2022,12,Bajura,49,11,38,0.24,Heavy Rain,-11.27812903,1.289741935,3.516193548,55.35729032,-3.704903226,-16.58954839
12/15/2022,2022,12,Kaski,93,2,91,0.03,Heavy Rain,12.626,6.622967742,1.74716129,88.15516129,17.85490323,9.278645161
12/19/2022,2022,12,Dhading,77,18,59,0.23,Heavy Rain,3.306709677,4.553225806,2.338645161,73.21225806,9.402903226,-0.678709677
12/30/2022,2022,12,Taplejung,97,18,79,0.19,Snowfall,12.74180645,6.571741935,1.666774194,87.97032258,17.76703226,9.527935484
1/31/2023,2023,1,Sindhupalchok,29,5,24,0.19,Landslide,9.035806452,3.690645161,1.919354839,81.08709677,15.66677419,4.92516129
2/5/2023,2023,2,Solukhumbu,104,56,48,0.54,Heavy Rain,-12.98602837,1.432695035,3.81929078,55.13205674,-5.160425532,-19.51184397
2/17/2023,2023,2,Dhading,145,20,125,0.14,Extreme Cold,13.44397163,5.163049645,2.345602837,88.00531915,19.95744681,8.77070922
2/18/2023,2023,2,Dolpa,140,54,86,0.39,Landslide,13.44397163,5.163049645,2.345602837,88.00531915,19.95744681,8.77070922
3/16/2023,2023,3,Rasuwa,94,22,72,0.24,Landslide,6.515096774,4.959354839,2.825612903,73.1623871,12.91058065,1.211354839
3/31/2023,2023,3,Mustang,37,7,30,0.19,Landslide,-9.102258065,2.288387097,3.133935484,55.42658065,-1.829612903,-15.84464516
4/24/2023,2023,4,Dolakha,109,23,86,0.22,Extreme Cold,10.14413333,5.798066667,2.968266667,73.16833333,16.28613333,4.981866667
4/27/2023,2023,4,Dhading,194,37,157,0.19,Extreme Cold,22.839,6.541933333,2.877466667,87.69133333,29.9848,16.59366667
5/25/2023,2023,5,Lamjung,96,16,80,0.17,Snowfall,23.47483871,11.22896774,2.434193548,87.52980645,28.73458065,18.68490323
5/29/2023,2023,5,Rasuwa,78,15,63,0.2,Extreme Cold,17.91935484,10.23193548,2.283870968,80.86935484,23.02032258,13.49322581
6/11/2023,2023,6,Myagdi,31,5,26,0.18,Heavy Rain,19.31225806,15.21032258,2.160645161,80.55258065,22.44483871,16.53903226
6/30/2023,2023,6,Rasuwa,82,15,67,0.19,Clear Weather,23.9024,15.42813333,2.1728,86.6546,27.70926667,20.23433333
7/7/2023,2023,7,Bajura,27,5,22,0.22,Extreme Cold,23.14974194,18.26335484,2.284645161,87.23509677,25.90032258,20.80812903
7/21/2023,2023,7,Jumla,47,8,39,0.17,Extreme Cold,5.96316129,8.696774194,2.383677419,55.99941935,10.95625806,1.77283871
7/25/2023,2023,7,Myagdi,120,12,108,0.11,Clear Weather,23.14974194,18.26335484,2.284645161,87.23509677,25.90032258,20.80812903
8/30/2023,2023,8,Okhaldhunga,199,24,175,0.12,Landslide,5.426451613,8.397354839,2.427677419,55.83909677,10.72754839,1.179290323
9/2/2023,2023,9,Rasuwa,162,26,136,0.17,Landslide,22.08893333,17.09473333,1.976666667,87.42646667,24.92833333,19.80706667
9/9/2023,2023,9,Dolakha,125,26,99,0.21,Landslide,3.625733333,7.1526,2.437866667,55.91066667,9.098,-0.637133333
9/21/2023,2023,9,Dhading,74,13,61,0.19,Heavy Rain,22.08893333,17.09473333,1.976666667,87.42646667,24.92833333,19.80706667
10/11/2023,2023,10,Dhading,89,17,72,0.2,Snowfall,19.88006452,13.47154839,1.79083871,87.9103871,23.59741935,17.08916129
10/15/2023,2023,10,Dolpa,119,38,81,0.32,Landslide,-2.179096774,3.895354839,2.482258065,55.80922581,3.90083871,-6.949870968
10/19/2023,2023,10,Gorkha,53,10,43,0.19,Clear Weather,16.57919355,11.82306452,1.74516129,81.06387097,20.70209677,13.46887097
10/24/2023,2023,10,Solukhumbu,119,59,60,0.5,Extreme Cold,19.71890323,13.54922581,1.751419355,87.734,23.32225806,16.94567742
10/26/2023,2023,10,Rasuwa,130,22,108,0.17,Landslide,10.89722581,9.522774194,1.991741935,73.31567742,15.26754839,7.748
10/29/2023,2023,10,Mugu,166,35,131,0.21,Heavy Rain,19.71890323,13.54922581,1.751419355,87.734,23.32225806,16.94567742
11/1/2023,2023,11,Rasuwa,167,38,129,0.23,Snowfall,15.85493333,9.5272,1.6616,87.9866,20.09393333,12.98033333
11/15/2023,2023,11,Gorkha,101,16,85,0.17,Landslide,15.85493333,9.5272,1.6616,87.9866,20.09393333,12.98033333
11/20/2023,2023,11,Kaski,184,4,180,0.02,Extreme Cold,15.9394,9.501733333,1.698133333,88.1656,20.357,12.95526667
11/27/2023,2023,11,Okhaldhunga,63,7,56,0.12,Snowfall,-7.155666667,1.9744,2.801,55.6164,-0.119066667,-12.31
12/1/2023,2023,12,Mugu,156,16,140,0.1,Landslide,12.74180645,6.571741935,1.666774194,87.97032258,17.76703226,9.527935484
12/3/2023,2023,12,Lamjung,178,35,143,0.2,Clear Weather,3.306709677,4.553225806,2.338645161,73.21225806,9.402903226,-0.678709677
12/13/2023,2023,12,Solukhumbu,178,88,90,0.5,Snowfall,-11.27812903,1.289741935,3.516193548,55.35729032,-3.704903226,-16.58954839
12/14/2023,2023,12,Rasuwa,135,24,111,0.18,Snowfall,12.626,6.622967742,1.74716129,88.15516129,17.85490323,9.278645161
12/15/2023,2023,12,Sindhupalchok,79,13,66,0.17,Clear Weather,3.306709677,4.553225806,2.338645161,73.21225806,9.402903226,-0.678709677
12/20/2023,2023,12,Gorkha,178,19,159,0.11,Landslide,3.306709677,4.553225806,2.338645161,73.21225806,9.402903226,-0.678709677
12/22/2023,2023,12,Dhading,138,22,116,0.16,Snowfall,12.626,6.622967742,1.74716129,88.15516129,17.85490323,9.278645161
12/24/2023,2023,12,Dhading,159,21,138,0.13,Heavy Rain,12.74180645,6.571741935,1.666774194,87.97032258,17.76703226,9.527935484
12/26/2023,2023,12,Kaski,66,2,64,0.05,Snowfall,-11.27812903,1.289741935,3.516193548,55.35729032,-3.704903226,-16.58954839
12/31/2023,2023,12,Jumla,149,19,130,0.13,Extreme Cold,12.74180645,6.571741935,1.666774194,87.97032258,17.76703226,9.527935484
1/5/2024,2024,1,Okhaldhunga,38,8,30,0.23,Landslide,11.52135484,5.408322581,1.894258065,88.10077419,17.30593548,7.872193548
1/14/2024,2024,1,Dolakha,94,11,83,0.13,Extreme Cold,9.035806452,3.690645161,1.919354839,81.08709677,15.66677419,4.92516129
2/12/2024,2024,2,Parbat,46,11,35,0.24,Heavy Rain,13.44397163,5.163049645,2.345602837,88.00531915,19.95744681,8.77070922
2/16/2024,2024,2,Mustang,163,26,137,0.16,Extreme Cold,13.44326241,5.058510638,2.273900709,87.8412766,19.79361702,8.731702128
2/17/2024,2024,2,Solukhumbu,185,106,79,0.58,Clear Weather,2.578723404,3.892198582,2.815957447,73.05453901,9.245460993,-2.298652482
2/18/2024,2024,2,Solukhumbu,29,15,14,0.54,Heavy Rain,13.44397163,5.163049645,2.345602837,88.00531915,19.95744681,8.77070922
2/21/2024,2024,2,Lamjung,96,20,76,0.21,Clear Weather,13.44397163,5.163049645,2.345602837,88.00531915,19.95744681,8.77070922
2/24/2024,2024,2,Humla,41,14,27,0.37,Landslide,13.44397163,5.163049645,2.345602837,88.00531915,19.95744681,8.77070922
3/3/2024,2024,3,Rasuwa,46,8,38,0.18,Snowfall,18.69690323,6.073741935,2.676258065,87.8883871,25.69148387,13.19
3/11/2024,2024,3,Dolakha,108,19,89,0.18,Heavy Rain,18.49296774,6.024387097,2.564387097,87.72251613,25.24019355,12.96658065
3/19/2024,2024,3,Mustang,95,16,79,0.18,Snowfall,6.515096774,4.959354839,2.825612903,73.1623871,12.91058065,1.211354839
3/28/2024,2024,3,Solukhumbu,115,61,54,0.54,Extreme Cold,18.69690323,6.073741935,2.676258065,87.8883871,25.69148387,13.19
4/2/2024,2024,4,Solukhumbu,58,26,32,0.45,Heavy Rain,22.839,6.541933333,2.877466667,87.69133333,29.9848,16.59366667
4/6/2024,2024,4,Taplejung,198,31,167,0.16,Snowfall,16.83233333,4.615666667,2.632,81.07433333,23.77666667,10.24166667
4/10/2024,2024,4,Mugu,178,33,145,0.19,Clear Weather,22.839,6.541933333,2.877466667,87.69133333,29.9848,16.59366667
5/1/2024,2024,5,Humla,34,11,23,0.34,Extreme Cold,-0.522580645,4.862645161,2.928064516,55.61787097,5.129225806,-5.4
5/9/2024,2024,5,Dolakha,103,22,81,0.22,Snowfall,-0.522580645,4.862645161,2.928064516,55.61787097,5.129225806,-5.4
5/11/2024,2024,5,Sindhupalchok,129,25,104,0.2,Snowfall,-0.522580645,4.862645161,2.928064516,55.61787097,5.129225806,-5.4
5/21/2024,2024,5,Dolakha,161,40,121,0.25,Extreme Cold,23.47483871,11.22896774,2.434193548,87.52980645,28.73458065,18.68490323
5/22/2024,2024,5,Myagdi,169,24,145,0.14,Clear Weather,23.06464516,11.51632258,2.429677419,87.36083871,28.08012903,18.38387097
6/5/2024,2024,6,Kaski,183,7,176,0.04,Extreme Cold,3.79,6.8978,2.669866667,56.05,9.546866667,-1.328866667
6/18/2024,2024,6,Lamjung,115,18,97,0.16,Extreme Cold,3.79,6.8978,2.669866667,56.05,9.546866667,-1.328866667
6/27/2024,2024,6,Parbat,167,28,139,0.17,Clear Weather,19.31225806,15.21032258,2.160645161,80.55258065,22.44483871,16.53903226
7/4/2024,2024,7,Mustang,142,32,110,0.23,Clear Weather,19.13403226,16.15225806,2.035322581,80.13016129,21.64177419,16.90725806
7/5/2024,2024,7,Jumla,168,22,146,0.14,Heavy Rain,22.90941935,18.34212903,2.276258065,86.88283871,25.50554839,20.63058065
7/9/2024,2024,7,Taplejung,106,22,84,0.22,Extreme Cold,5.96316129,8.696774194,2.383677419,55.99941935,10.95625806,1.77283871
7/21/2024,2024,7,Mugu,164,26,138,0.16,Snowfall,22.90941935,18.34212903,2.276258065,86.88283871,25.50554839,20.63058065
7/22/2024,2024,7,Kaski,24,1,23,0.06,Landslide,22.90941935,18.34212903,2.276258065,86.88283871,25.50554839,20.63058065
7/26/2024,2024,7,Lamjung,98,19,79,0.19,Clear Weather,15.27096774,13.81812903,2.340064516,73.026,18.3963871,12.52477419
8/1/2024,2024,8,Sankhuwasabha,50,7,43,0.16,Extreme Cold,15.14735484,13.80219355,2.43916129,73.02903226,18.28483871,12.38864516
8/10/2024,2024,8,Dolpa,102,33,69,0.33,Landslide,5.426451613,8.397354839,2.427677419,55.83909677,10.72754839,1.179290323
8/14/2024,2024,8,Gorkha,54,8,46,0.16,Clear Weather,15.14735484,13.80219355,2.43916129,73.02903226,18.28483871,12.38864516
8/15/2024,2024,8,Parbat,89,9,80,0.11,Clear Weather,22.84406452,18.01329032,2.339419355,87.3716129,25.63632258,20.53
8/16/2024,2024,8,Sindhupalchok,88,14,74,0.17,Heavy Rain,15.14735484,13.80219355,2.43916129,73.02903226,18.28483871,12.38864516
8/21/2024,2024,8,Humla,191,50,141,0.26,Landslide,19.45516129,16.11467742,2.256774194,80.66935484,22.51241935,16.93806452
8/22/2024,2024,8,Gorkha,176,28,148,0.16,Landslide,22.84406452,18.01329032,2.339419355,87.3716129,25.63632258,20.53
9/22/2024,2024,9,Gorkha,39,7,32,0.19,Heavy Rain,18.47466667,14.91683333,1.922833333,80.90933333,21.6255,15.96633333
9/30/2024,2024,9,Mugu,146,27,119,0.19,Heavy Rain,3.625733333,7.1526,2.437866667,55.91066667,9.098,-0.637133333
10/2/2024,2024,10,Rasuwa,100,19,81,0.2,Extreme Cold,-2.179096774,3.895354839,2.482258065,55.80922581,3.90083871,-6.949870968
10/9/2024,2024,10,Sankhuwasabha,89,10,79,0.11,Landslide,-2.179096774,3.895354839,2.482258065,55.80922581,3.90083871,-6.949870968
10/10/2024,2024,10,Mustang,180,35,145,0.2,Landslide,19.71890323,13.54922581,1.751419355,87.734,23.32225806,16.94567742
10/16/2024,2024,10,Jumla,127,18,109,0.15,Clear Weather,19.71890323,13.54922581,1.751419355,87.734,23.32225806,16.94567742
11/9/2024,2024,11,Mustang,39,6,33,0.16,Landslide,15.85493333,9.5272,1.6616,87.9866,20.09393333,12.98033333
11/19/2024,2024,11,Dhading,38,8,30,0.23,Clear Weather,11.81883333,7.446,1.6865,81.26116667,16.82583333,8.5655
12/9/2024,2024,12,Gorkha,190,19,171,0.1,Extreme Cold,-11.27812903,1.289741935,3.516193548,55.35729032,-3.704903226,-16.58954839
12/18/2024,2024,12,Parbat,105,19,86,0.19,Clear Weather,12.74180645,6.571741935,1.666774194,87.97032258,17.76703226,9.527935484
12/23/2024,2024,12,Jumla,128,24,104,0.19,Landslide,8.812903226,5.297419355,1.697580645,81.22935484,14.27919355,5.358709677
1/18/2025,2025,1,Dolpa,61,18,43,0.31,Snowfall,9.035806452,3.690645161,1.919354839,81.08709677,15.66677419,4.92516129
1/19/2025,2025,1,Rasuwa,170,23,147,0.14,Extreme Cold,-13.38832258,1.215290323,3.716129032,55.17290323,-5.51716129,-19.19754839
1/20/2025,2025,1,Dolakha,156,21,135,0.14,Landslide,9.035806452,3.690645161,1.919354839,81.08709677,15.66677419,4.92516129
2/12/2025,2025,2,Jumla,31,7,24,0.23,Snowfall,9.891071429,3.993214286,2.192857143,81.14607143,16.51107143,5.110714286
2/17/2025,2025,2,Sindhupalchok,61,10,51,0.17,Snowfall,9.891071429,3.993214286,2.192857143,81.14607143,16.51107143,5.110714286
2/26/2025,2025,2,Mustang,190,28,162,0.15,Heavy Rain,13.44326241,5.058510638,2.273900709,87.8412766,19.79361702,8.731702128
3/7/2025,2025,3,Sankhuwasabha,189,31,158,0.17,Landslide,6.515096774,4.959354839,2.825612903,73.1623871,12.91058065,1.211354839
3/17/2025,2025,3,Jumla,91,18,73,0.2,Clear Weather,14.0416129,4.329354839,2.566774194,81.07580645,20.92290323,8.612258065
3/26/2025,2025,3,Jumla,87,10,77,0.12,Snowfall,18.49296774,6.024387097,2.564387097,87.72251613,25.24019355,12.96658065
4/10/2025,2025,4,Okhaldhunga,121,20,101,0.17,Landslide,22.44046667,6.724466667,2.759,87.52733333,29.32553333,16.09046667
4/29/2025,2025,4,Dhading,70,13,57,0.19,Clear Weather,10.14413333,5.798066667,2.968266667,73.16833333,16.28613333,4.981866667
5/7/2025,2025,5,Sindhupalchok,108,26,82,0.24,Extreme Cold,12.14283871,9.113096774,2.732387097,73.04709677,17.17432258,7.828193548
5/27/2025,2025,5,Lamjung,137,18,119,0.14,Heavy Rain,17.91935484,10.23193548,2.283870968,80.86935484,23.02032258,13.49322581
6/5/2025,2025,6,Jumla,26,4,22,0.15,Extreme Cold,19.31225806,15.21032258,2.160645161,80.55258065,22.44483871,16.53903226
6/6/2025,2025,6,Gorkha,192,30,162,0.16,Extreme Cold,24.71806667,15.03753333,2.252933333,87.1412,28.96073333,20.8528
6/16/2025,2025,6,Dolakha,130,24,106,0.19,Heavy Rain,24.71806667,15.03753333,2.252933333,87.1412,28.96073333,20.8528
6/26/2025,2025,6,Sankhuwasabha,73,11,62,0.15,Heavy Rain,19.31225806,15.21032258,2.160645161,80.55258065,22.44483871,16.53903226
7/9/2025,2025,7,Lamjung,183,32,151,0.18,Extreme Cold,19.13403226,16.15225806,2.035322581,80.13016129,21.64177419,16.90725806
7/13/2025,2025,7,Dolakha,36,7,29,0.22,Clear Weather,22.90941935,18.34212903,2.276258065,86.88283871,25.50554839,20.63058065
7/15/2025,2025,7,Sankhuwasabha,192,39,153,0.21,Landslide,15.27096774,13.81812903,2.340064516,73.026,18.3963871,12.52477419
7/21/2025,2025,7,Dolpa,121,38,83,0.32,Clear Weather,19.13403226,16.15225806,2.035322581,80.13016129,21.64177419,16.90725806
7/24/2025,2025,7,Myagdi,83,19,64,0.23,Snowfall,15.27096774,13.81812903,2.340064516,73.026,18.3963871,12.52477419
8/12/2025,2025,8,Okhaldhunga,26,4,22,0.18,Snowfall,15.14735484,13.80219355,2.43916129,73.02903226,18.28483871,12.38864516
8/18/2025,2025,8,Lamjung,188,34,154,0.18,Heavy Rain,22.84406452,18.01329032,2.339419355,87.3716129,25.63632258,20.53
9/2/2025,2025,9,Bajura,154,16,138,0.11,Extreme Cold,18.47466667,14.91683333,1.922833333,80.90933333,21.6255,15.96633333
9/4/2025,2025,9,Dhading,180,44,136,0.25,Clear Weather,22.08893333,17.09473333,1.976666667,87.42646667,24.92833333,19.80706667
9/8/2025,2025,9,Rasuwa,181,21,160,0.12,Extreme Cold,14.04326667,12.67886667,2.0882,73.1858,17.38733333,11.3388
9/10/2025,2025,9,Mustang,190,25,165,0.13,Heavy Rain,22.08893333,17.09473333,1.976666667,87.42646667,24.92833333,19.80706667
9/17/2025,2025,9,Dolakha,90,9,81,0.11,Heavy Rain,22.13546667,17.0318,2.0682,87.59753333,25.01066667,19.87946667
10/19/2025,2025,10,Okhaldhunga,54,10,44,0.2,Landslide,-2.179096774,3.895354839,2.482258065,55.80922581,3.90083871,-6.949870968
10/24/2025,2025,10,Gorkha,55,7,48,0.13,Landslide,19.71890323,13.54922581,1.751419355,87.734,23.32225806,16.94567742
10/29/2025,2025,10,Dhading,62,7,55,0.13,Snowfall,10.89722581,9.522774194,1.991741935,73.31567742,15.26754839,7.748
10/30/2025,2025,10,Dolpa,175,46,129,0.26,Landslide,16.57919355,11.82306452,1.74516129,81.06387097,20.70209677,13.46887097
11/5/2025,2025,11,Sindhupalchok,50,5,45,0.12,Heavy Rain,-7.155666667,1.9744,2.801,55.6164,-0.119066667,-12.31
11/10/2025,2025,11,Mugu,58,10,48,0.19,Heavy Rain,15.9394,9.501733333,1.698133333,88.1656,20.357,12.95526667
11/15/2025,2025,11,Dolpa,151,53,98,0.35,Snowfall,11.81883333,7.446,1.6865,81.26116667,16.82583333,8.5655
11/18/2025,2025,11,Myagdi,127,20,107,0.16,Snowfall,15.85493333,9.5272,1.6616,87.9866,20.09393333,12.98033333
11/24/2025,2025,11,Rasuwa,109,18,91,0.17,Heavy Rain,-7.155666667,1.9744,2.801,55.6164,-0.119066667,-12.31
12/4/2025,2025,12,Mustang,146,29,117,0.2,Snowfall,12.626,6.622967742,1.74716129,88.15516129,17.85490323,9.278645161
12/17/2025,2025,12,Humla,153,38,115,0.25,Landslide,12.74180645,6.571741935,1.666774194,87.97032258,17.76703226,9.527935484
12/19/2025,2025,12,Humla,120,35,85,0.3,Heavy Rain,-11.27812903,1.289741935,3.516193548,55.35729032,-3.704903226,-16.58954839
12/29/2025,2025,12,Parbat,189,46,143,0.25,Clear Weather,12.626,6.622967742,1.74716129,88.15516129,17.85490323,9.278645161
